feature,importance_mean,importance_std,val_imp_0,val_imp_1,val_imp_2,val_imp_3,val_imp_4
EXT_SOURCE_3,0.03902733909253122,0.003747347563315031,0.03450334772275865,0.045671712476702875,0.0397622312325383,0.03830059841048794,0.03689880562016834
EXT_SOURCE_2,0.01561944670945794,0.0014474414486465466,0.01803000234470853,0.014310770441454457,0.01427636420260947,0.01648806619139276,0.014992030367124487
EXT_SOURCE_1,0.0028893700807752333,0.0004976556054045903,0.002523508080973902,0.003113965241246519,0.0023115144360827955,0.0037293071128358113,0.002768555532737138
AMT_GOODS_PRICE,0.0026327533925935677,0.0009895377195375241,0.0043303499984078675,0.0020298218393679512,0.0024880070762058892,0.0029254005314970355,0.0013901875174890943
AMT_CREDIT,0.001629649639640629,0.0007854783609343824,0.0030810121614698316,0.0009378213894487564,0.0015002107025308131,0.001691787123337285,0.0009374168214164591
FLAG_DOCUMENT_3,0.00048593695370899857,0.0001351188097526324,0.0002923028635632985,0.0006526208837855929,0.00036759866201185876,0.0005855019145597495,0.0005316604446244932
FLAG_DOCUMENT_6,0.0003512221909930835,6.205790112759234e-05,0.00034360628580387687,0.00044094580663156524,0.00025083634601452687,0.000381612414387722,0.0003391101021277265
DAYS_LAST_PHONE_CHANGE,0.0003144684874182735,0.0001222209288525541,0.00012308169138253167,0.00025565386974091275,0.0004931589885381893,0.00034265718092940656,0.0003577907065003272
DAYS_ID_PUBLISH,0.0002986585323996538,0.0002592478306267769,5.394483773335512e-05,-3.17486770178288e-05,0.0002959015961855327,0.0005849074543888833,0.0005902874507083267
FLAG_WORK_PHONE,0.0002799298223033375,0.00020337239489969777,0.000180722443161474,0.00041431454906137866,-7.618911703033415e-05,0.0004573983323458153,0.0004234029039783538
FLAG_DOCUMENT_16,0.00024334801900736114,6.501506006138216e-05,0.00021546920430026706,0.0001783860051913777,0.0003614783068612848,0.0002001831702370671,0.000261223408446809
FLAG_DOCUMENT_5,0.0002364447212545917,0.0001091580844643192,0.0001810532662369635,0.00021736626787338675,8.902945672151219e-05,0.0004173782397987047,0.0002773963756423914
FLAG_DOCUMENT_8,0.00021999690852678722,6.200568479327596e-05,0.00014570688827386657,0.00023851309914635355,0.00021338018603056508,0.0003265964178781333,0.00017578795130501756
FLAG_DOCUMENT_18,0.00021624898797127922,5.7965815273257905e-05,0.0002493217093132438,0.00011443376942710248,0.00027644982555086184,0.000249497518325148,0.00019154211724004
ANNUITY_INCOME_RATIO,0.00021249988360023676,0.00012622620006512986,0.0004213083556398045,2.533381082125974e-05,0.00019591339544466901,0.00022927553407769974,0.00019066832201775075
OWN_CAR_AGE,0.00017561919809476744,0.00011219689048000391,0.00017144388971845892,0.00035635848153858785,1.9849800489968317e-06,0.00018134653664880762,0.00016696210251898602
REGION_RATING_CLIENT_W_CITY,0.00015334881490220998,0.0001629155855369127,1.8526092222748147e-05,-6.268063456826845e-05,0.00019565493450091065,0.0002115192672347277,0.0004037244151209318
REG_CITY_NOT_LIVE_CITY,0.0001370381044990099,0.0002766202684501822,0.0002339487745278701,0.00010043581804897173,9.331473917073563e-05,-0.0003012620761611018,0.0005587532669085737
FLAG_DOCUMENT_14,0.00011919903665469356,4.70309745005111e-05,0.0001228180667444123,0.0001241000061614761,0.0001591033878204362,3.0731006224749e-05,0.00015924271632239417
AMT_REQ_CREDIT_BUREAU_QRT,0.00011669490089007972,0.00011750493746838163,5.0367813230534075e-05,0.00026565092955077585,0.00017966137129477033,-7.418346010623633e-05,0.00016197785048055469
FLAG_DOCUMENT_13,0.00011534128022965273,7.596674106309133e-05,0.000155915881616564,-1.4013458709771776e-05,8.21595648337059e-05,0.00014519818904057402,0.0002074462243671915
FLAG_PHONE,0.00010451869267695813,6.185752002912939e-05,5.2223523919092685e-05,5.084854051207177e-05,9.061123769804613e-05,0.00010905501065139322,0.0002198551506041868
AMT_INCOME_TOTAL,0.00010071804381754923,5.993757099018154e-05,0.0001333630522729612,3.690228023944808e-05,7.062703751870014e-05,0.00020220950403693205,6.048834501970468e-05
AMT_REQ_CREDIT_BUREAU_YEAR,7.863951036546357e-05,4.1969849956033457e-05,0.00013300638364477368,5.4291168140485624e-05,0.00012590666419132202,3.563659493921456e-05,4.4356740911521975e-05
DAYS_REGISTRATION,7.032238887398901e-05,5.3937330055357294e-05,9.585598609895829e-05,4.548817286953444e-06,7.672154657500929e-05,2.033053784378236e-05,0.00015415505656524164
DEF_30_CNT_SOCIAL_CIRCLE,6.803633754777216e-05,0.00014032793473385706,0.00021122019542552106,-0.0001903421579010356,4.833219650157705e-05,0.00010623261714459709,0.0001647388365682012
FLAG_DOCUMENT_9,5.513236944532096e-05,2.122403589122221e-05,7.95939642983523e-05,5.5438710683364256e-05,3.810231234369077e-05,7.708856111521278e-05,2.5438298785984692e-05
CREDIT_INCOME_RATIO,4.532797266607602e-05,9.93453104374265e-05,0.00022196677626562522,-3.4090284098509116e-05,-2.82342735070662e-05,-2.1943334133522896e-05,8.89409788038531e-05
REGION_POPULATION_RELATIVE,4.267394966332994e-05,5.191546829802966e-05,-1.5016266156964164e-05,4.589653260211879e-05,3.8252219702883394e-07,0.00013387759969973878,4.822935997472744e-05
REG_REGION_NOT_LIVE_REGION,4.1281086371469655e-05,3.17365846968858e-05,7.34892447350477e-05,4.5167688013991736e-05,6.142582791746065e-05,4.4755097038495784e-05,-1.8432425847647593e-05
FLAG_DOCUMENT_17,3.998760798622492e-05,1.4318455814882916e-05,3.8132528551004796e-05,3.618894298307307e-05,2.1881303507109706e-05,3.777665155424437e-05,6.595861333569264e-05
CREDIT_ANNUITY_RATIO,3.8888741108067396e-05,1.0609853353036229e-05,5.15773851000878e-05,2.9836106113068084e-05,4.3793622327314985e-05,4.6006048006752565e-05,2.3230543993113528e-05
BASEMENTAREA_AVG,2.5459589656207093e-05,9.255497530454127e-06,3.005837786707044e-05,3.0487414042990046e-05,2.2243148828593462e-05,3.55021952483936e-05,9.00681229398792e-06
AMT_REQ_CREDIT_BUREAU_WEEK,2.4234105294262952e-05,4.928687016098622e-05,9.237200558565029e-06,7.09822261169002e-05,5.8029651115232284e-05,-6.530791129411018e-05,4.822935997472744e-05
FLAG_DOCUMENT_15,2.404539310454368e-05,5.3955597106256516e-05,7.707660745903677e-05,3.5945994787067725e-05,-4.015966145654026e-05,-3.747166764056509e-05,8.483569237371924e-05
AMT_REQ_CREDIT_BUREAU_MON,1.7992714286796384e-05,2.2671988149926895e-05,4.68528180542771e-05,2.60574862989138e-05,-1.5693748510958727e-05,3.2684970960317195e-05,6.204463143255623e-08
LIVE_REGION_NOT_WORK_REGION,1.448081002790591e-05,2.7116937662859967e-05,1.058116930252595e-05,6.256174502561329e-05,1.3977567844047911e-05,6.704476883667709e-06,-2.142090891632531e-05
AMT_ANNUITY,9.96761882705588e-06,1.9576556912773364e-05,-1.3884230945948595e-05,3.7383007520874756e-05,2.5597971879731674e-05,-8.772164434622809e-06,9.513510115244372e-06
REGION_RATING_CLIENT,7.696003091606229e-06,8.13126558342061e-05,-4.648581120514361e-05,-0.00011399956414048784,3.8469326884005284e-05,3.643782386508754e-05,0.00012405824005456978
REG_REGION_NOT_WORK_REGION,7.5787739188815095e-06,1.3447430411645811e-05,4.2645162063870146e-06,3.3180520641162836e-05,7.045645329717409e-06,-2.6569785028796034e-06,-3.939834079980109e-06
AMT_REQ_CREDIT_BUREAU_DAY,7.186341252718443e-06,4.074546504418997e-05,4.897215338117711e-05,-4.801069881832376e-05,2.0635521757683684e-05,-3.362059957712216e-05,4.795532952017734e-05
BASEMENTAREA_MODE,6.8533125533676295e-06,7.233562697215269e-06,1.819010003667465e-05,4.7038906034746475e-06,1.1785819040044387e-05,-1.7006730106405854e-06,1.2874260972850493e-06
NONLIVINGAREA_AVG,6.105972923675651e-06,2.4178837218635427e-05,2.3214475494470754e-05,-1.640158778537515e-05,2.776904380819012e-05,-2.9614454947313185e-05,2.5562388048405715e-05
ORGANIZATION_TYPE_Realtor,4.293436418967289e-06,2.3875767457382432e-05,4.1254671325208214e-05,-3.176935346005383e-05,-1.3595045644798631e-06,1.5047596151451792e-05,-1.706227357289869e-06
FLAG_DOCUMENT_10,4.2469672153711e-06,5.997303673237459e-06,5.169110554037459e-07,9.004590583838734e-06,1.3651907054712531e-05,-1.4267044100568782e-06,-5.118682070426317e-07
ORGANIZATION_TYPE_Trade: type 4,3.7205737533074767e-06,1.480598769115457e-05,1.1092911247123638e-05,1.478365618223787e-05,8.503365053091905e-06,9.816346647650853e-06,-2.5593410363566882e-05
BASEMENTAREA_MEDI,3.644248461687205e-06,5.509352361802545e-06,4.585001060708471e-06,8.771980608890395e-06,-5.003803872916102e-06,9.754316021015619e-06,1.1374849073764182e-07
OBS_30_CNT_SOCIAL_CIRCLE,2.393490986229985e-06,4.3930107310033704e-05,2.9525959479914654e-05,-1.7130432373280158e-05,4.6967522718044385e-05,-7.460733605413328e-05,2.721174116060432e-05
FLAG_EMAIL,2.080072293764168e-06,3.808630630534213e-05,5.3877639296096014e-05,2.9556974143418735e-05,-4.3881499048215034e-05,9.37696304315061e-06,-3.8529715965629485e-05
FLAG_DOCUMENT_4,2.0543976890774474e-06,1.8709862574730022e-06,4.042244452717725e-06,-8.735796834802301e-07,2.822393507129206e-06,6.616600164432995e-07,3.6192701525772364e-06
OBS_60_CNT_SOCIAL_CIRCLE,2.0295974030970497e-06,4.3810152101756384e-05,3.0218620294175658e-05,-1.9172231041864052e-05,4.569072565541177e-05,-7.41059218229978e-05,2.7516793930759675e-05
NAME_INCOME_TYPE_Unemployed,1.8611354375197563e-06,3.463084156161004e-06,-2.1968719851050977e-06,6.699167277024465e-06,1.6541500413858046e-07,-5.789525141519647e-07,5.216919405692799e-06
NONLIVINGAPARTMENTS_MODE,1.569285422098332e-06,1.2544806494829316e-05,8.6375837344832e-06,7.035159462875917e-06,6.290939373543303e-06,9.309763197684617e-06,-2.3427018658095378e-05
ORGANIZATION_TYPE_Mobile,1.5373776962590568e-06,2.5847937446668423e-06,-3.0084223417992106e-06,4.80210370390477e-06,2.9619624167809278e-06,1.6127962896295145e-06,1.3184484127792828e-06
ORGANIZATION_TYPE_Security Ministries,1.3637960375456615e-06,1.2961669054528447e-06,1.540394944710144e-06,8.115503569161575e-07,1.0441822132500889e-06,-2.5329172503862907e-07,3.676144397890546e-06
NAME_INCOME_TYPE_Working,1.1631479118756616e-06,1.646442504333288e-06,-1.0234838895284426e-06,3.830310919994417e-06,1.1372281538690743e-07,1.0028284621599326e-06,1.892361251365493e-06
ENTRANCES_MODE,1.0879750885983698e-06,1.9166034034521985e-05,1.5202354137100471e-05,7.500379412661573e-06,-3.690305356407464e-05,9.304593978853859e-06,1.0335601478450585e-05
NAME_INCOME_TYPE_Commercial associate,1.0152893849202372e-06,1.3721464217061952e-06,-9.25270788987298e-07,3.2772160907246217e-06,4.3938360461126535e-07,8.529211147356719e-07,1.4321969035169246e-06
NAME_INCOME_TYPE_State servant,8.932953427631674e-07,1.5066118683236282e-06,-9.356090101553249e-07,3.401274743963789e-06,-2.998146947374991e-07,8.684287714499916e-07,1.43219690329488e-06
CODE_GENDER_XNA,7.382264532340698e-07,6.552777662700713e-07,1.3646451859639086e-06,6.61646150867945e-07,-2.0159953617593374e-07,3.049839137903021e-07,1.5614565517241275e-06
HOUR_APPR_PROCESS_START,7.252261754686628e-07,2.2795308249580247e-05,-9.278553443015092e-06,1.4158193805346997e-05,2.5980494076760507e-05,-3.880015689194938e-05,1.156615333020028e-05
ORGANIZATION_TYPE_Transport: type 1,5.597098241771903e-07,8.154414208844626e-06,-1.0162471347663349e-05,1.1154940573909755e-05,-3.101531326210605e-06,-4.052667599729887e-06,8.960278820580037e-06
ORGANIZATION_TYPE_Industry: type 9,5.283348428974932e-07,1.8412086995283518e-06,-2.2795777540052242e-06,2.3209306384552875e-06,2.5070711554553426e-06,-8.115673637565379e-07,9.048175383385981e-07
ORGANIZATION_TYPE_Construction,4.806764393627816e-07,4.378152271539035e-06,4.585001060708471e-06,5.375874975177553e-07,5.127865126297593e-06,-6.973276265309636e-06,-8.737952224002754e-07
ORGANIZATION_TYPE_Bank,4.3944157199771185e-07,2.0451094759935987e-06,2.584555276463618e-07,1.5042111710661388e-06,2.4036867779519966e-06,-3.4168536778844683e-06,1.4477080612085302e-06
ORGANIZATION_TYPE_Industry: type 8,4.028216535001405e-07,4.245161821073529e-06,3.334076306815703e-06,3.2358632063855808e-06,1.550765664770637e-07,3.039500699797415e-06,-7.75040851197506e-06
CODE_GENDER_M,3.225821090468983e-07,2.672812289249337e-07,5.582639397427869e-07,4.497126181446376e-07,-4.135375086811166e-08,4.652296992091465e-08,5.997647682942642e-07
OCCUPATION_TYPE_Accountants,2.7504055324367724e-07,4.359705731652407e-07,-4.238670654466148e-07,1.860879800252846e-07,6.461523597289798e-07,1.4473812859350232e-07,8.220913633172344e-07
ORGANIZATION_TYPE_Trade: type 3,2.5217636121510625e-07,1.2196069854650153e-06,6.564770402839315e-07,5.272492764607506e-07,-2.5329172492760677e-07,2.026333799753921e-06,-1.6958865854954652e-06
ORGANIZATION_TYPE_Restaurant,2.3153276262899425e-07,3.9441708591150175e-06,9.821310051894017e-07,1.6179316031372792e-06,5.7585098292012304e-06,-6.373646875390548e-06,-8.272617489923917e-07
ORGANIZATION_TYPE_Transport: type 4,2.0572905492510785e-07,3.799841768942022e-07,8.632414624232254e-07,3.670068494665557e-07,4.1353751090156265e-08,-2.2744563066279255e-07,-1.5511157691605604e-08
ORGANIZATION_TYPE_Trade: type 2,1.8101303618234254e-07,1.0600096617632358e-06,6.823225929819543e-07,-4.703890602586469e-07,-9.149517411488617e-07,-4.1353751023542884e-07,2.021620899572696e-06
ORGANIZATION_TYPE_Business Entity Type 3,1.1157589283605773e-07,1.2165070670351218e-06,7.391828090730357e-07,1.0131456683604156e-06,1.4783965989195735e-06,-1.0803667452874421e-06,-1.592478866885294e-06
CODE_GENDER_F,1.0339866105546491e-07,1.5708494141345836e-07,1.55073316632226e-07,5.6860216091081384e-08,-1.499073474242607e-07,1.1889203410664351e-07,3.3607508587163437e-07
NAME_EDUCATION_TYPE_Academic degree,7.867648754711354e-08,2.6013145440693006e-06,-5.070897452719159e-06,8.322267990301668e-07,1.1372281529808959e-06,1.576611757481139e-06,1.9182131809625247e-06
NAME_HOUSING_TYPE_Municipal apartment,5.893632899489632e-08,1.908181269118466e-07,-1.292277638231809e-07,-9.304398984610884e-08,3.92860634801373e-07,-1.5507656603297448e-08,1.3960042044569576e-07
NAME_EDUCATION_TYPE_Secondary / secondary special,5.1697043024212516e-08,3.627547838601027e-07,-6.254623770018952e-07,1.9125709060929807e-07,4.600604802673658e-07,1.6541500402755815e-07,6.72150172187358e-08
ORGANIZATION_TYPE_Self-employed,5.07067827504315e-08,2.7226712381383665e-06,1.788512251299501e-06,1.9694311208517945e-06,3.5150688371121674e-07,-5.277772473610831e-06,1.4218561315004763e-06
ORGANIZATION_TYPE_Industry: type 3,4.229946009015606e-08,1.9777247985658444e-06,1.5300567237641616e-06,1.0648367739785058e-06,2.2072564607178435e-06,-2.8792549146006152e-06,-1.7113977434091154e-06
WALLSMATERIAL_MODE_Block,4.1359102720406325e-08,1.1062934101188634e-07,-2.067644222503162e-08,-3.1014663393058584e-08,2.2227641183203417e-07,-7.753828323853185e-08,1.1374849062661951e-07
ORGANIZATION_TYPE_Other,4.1327766875376426e-08,3.4951412051983865e-07,2.687937487033665e-07,3.618377386604976e-07,3.1532235167386347e-07,-2.2227641160998957e-07,-5.170385930508559e-07
HOUSETYPE_MODE_specific housing,3.515150193145189e-08,8.841578975666354e-08,-7.236754762107722e-08,-1.033822105700466e-08,5.6861407804476016e-08,1.9126109851441697e-07,1.034077201644834e-08
OCCUPATION_TYPE_Drivers,2.37762489030402e-08,2.6353012060870884e-07,-3.463304070194795e-07,2.58455526980228e-08,4.7039891781786025e-07,4.6522969809892345e-08,-7.755578879109493e-08
NONLIVINGAPARTMENTS_MEDI,2.369365830201531e-08,1.08784446857865e-06,1.1682189848816193e-06,-4.393743969766106e-07,1.0286745566467914e-06,1.7058422296933884e-07,-1.8096350760110624e-06
WEEKDAY_APPR_PROCESS_START_SATURDAY,2.1712456632627662e-08,2.0260868942676092e-08,0.0,3.1014663393058584e-08,4.1353751090156265e-08,-5.1692189417806844e-09,4.136308762170415e-08
NAME_HOUSING_TYPE_Rented apartment,2.0677306089567082e-08,1.5243456516939392e-07,1.3956598499120787e-07,3.618377386604976e-08,1.6541500436062506e-07,-2.6363016258912353e-07,2.5851929819076247e-08
NAME_TYPE_SUITE_Unknown,1.551642572206191e-08,4.5102670045083115e-07,-8.322267991411891e-07,5.220801658767371e-07,1.3439969082096326e-07,8.787672101107091e-08,1.654523500427274e-07
WEEKDAY_APPR_PROCESS_START_WEDNESDAY,1.4467816145113943e-08,7.248166736258154e-08,5.16911055070679e-08,9.821310054114463e-08,2.0676875545078133e-08,2.0676875545078133e-08,-1.1891887641279908e-07
YEARS_BEGINEXPLUATATION_MEDI,9.898078556780376e-09,6.709776089378647e-06,1.7988504725785504e-06,-5.272492764163417e-06,6.657953913857817e-06,6.942260951992019e-06,-1.0077082181481067e-05
FLAG_OWN_REALTY_N,7.236184584868965e-09,1.6216163312149594e-08,-5.169110584013481e-09,1.0338221279049264e-08,3.1015313206594897e-08,1.5507656603297448e-08,-1.55111575805833e-08
FLAG_OWN_REALTY_Y,7.236184584868965e-09,1.6216163312149594e-08,-5.169110584013481e-09,1.0338221279049264e-08,3.1015313206594897e-08,1.5507656603297448e-08,-1.55111575805833e-08
NAME_EDUCATION_TYPE_Lower secondary,6.210081804347567e-09,1.1007405647981005e-07,9.304398995713115e-08,-4.135288433904094e-08,-2.5846094264814212e-08,-1.550765663660414e-07,1.6028196403450323e-07
WALLSMATERIAL_MODE_Monolithic,6.2027545100207245e-09,1.2868734939336357e-07,6.719843714808604e-08,6.202932667509486e-08,1.3439969093198556e-07,-2.3778406832430932e-07,5.170386119246473e-09
WEEKDAY_APPR_PROCESS_START_THURSDAY,5.170662742415289e-09,2.265171348068328e-08,2.067644222503162e-08,-3.101466328203628e-08,1.550765671431975e-08,-1.0338437661516764e-08,3.1022315716278115e-08
NAME_FAMILY_STATUS_Civil marriage,2.0747381812569187e-09,8.224000655299952e-08,-3.618377386604976e-08,-3.101466317101398e-08,2.0676875656100435e-08,-9.30459399528516e-08,1.499411922400995e-07
FLAG_DOCUMENT_2,0.0,0.0,0.0,0.0,0.0,0.0,0.0
EMPLOYED_YEARS,0.0,0.0,0.0,0.0,0.0,0.0,0.0
DAYS_BIRTH,0.0,0.0,0.0,0.0,0.0,0.0,0.0
FLAG_MOBIL,0.0,0.0,0.0,0.0,0.0,0.0,0.0
AGE_YEARS,0.0,0.0,0.0,0.0,0.0,0.0,0.0
DAYS_EMPLOYED,-2.1649348980190553e-14,3.2692668152869926e-09,5.169110584013481e-09,0.0,-5.169218830758382e-09,0.0,0.0
WALLSMATERIAL_MODE_Panel,-2.0655965826676947e-09,1.3132725229943018e-07,-1.550733164101814e-08,1.292277639342032e-07,6.719984546599278e-08,-2.481225062078707e-07,5.687424553535436e-08
WEEKDAY_APPR_PROCESS_START_MONDAY,-2.068110971364945e-09,2.3935135649205288e-08,-3.101466328203628e-08,2.0676442336053924e-08,-2.0676875545078133e-08,3.10153133176172e-08,-1.0340771683381433e-08
NAME_HOUSING_TYPE_House / apartment,-2.06855619300228e-09,2.545085011276897e-08,-1.5507331752040443e-08,0.0,-2.067687543405583e-08,4.6522969809892345e-08,-2.0681543588807472e-08
NAME_FAMILY_STATUS_Widow,-3.1066278882718733e-09,5.963161589439704e-08,-2.067644222503162e-08,6.719843714808604e-08,2.5846094486858817e-08,2.0676875545078133e-08,-1.0857810439635074e-07
FLAG_OWN_CAR_N,-4.1378824588989e-09,3.5123300018910056e-08,1.550733164101814e-08,2.5845552809045103e-08,3.10153134286395e-08,-4.135375097913396e-08,-5.1703859194063284e-08
FLAG_OWN_CAR_Y,-4.1378824588989e-09,3.5123300018910056e-08,1.550733164101814e-08,2.5845552809045103e-08,3.10153134286395e-08,-4.135375097913396e-08,-5.1703859194063284e-08
NAME_CONTRACT_TYPE_Cash loans,-7.238181676250122e-09,4.441885535025213e-08,-5.16911055070679e-08,7.753665842713531e-08,-2.5846094264814212e-08,-1.0338437661516764e-08,-2.5851929374987037e-08
NAME_CONTRACT_TYPE_Revolving loans,-7.238181676250122e-09,4.441885535025213e-08,-5.16911055070679e-08,7.753665842713531e-08,-2.5846094264814212e-08,-1.0338437661516764e-08,-2.5851929374987037e-08
FONDKAPREMONT_MODE_reg oper account,-8.269903206681306e-09,4.2198225615621224e-08,5.686021598005908e-08,-3.618377386604976e-08,-6.20306265242121e-08,-2.0676875545078133e-08,2.068154392187438e-08
NAME_FAMILY_STATUS_Single / not married,-9.303720416298233e-09,5.285709365525247e-08,5.16911055070679e-08,-9.304398995713115e-08,2.5846094486858817e-08,-4.652297003193695e-08,1.551115791365021e-08
WEEKDAY_APPR_PROCESS_START_TUESDAY,-1.4474529819175075e-08,2.0259105264635314e-08,-4.6521995034076724e-08,-5.1691104729911785e-09,-1.5507656492275146e-08,1.5507656603297448e-08,-2.0681543699829774e-08
CNT_FAM_MEMBERS,-1.550797177340968e-08,1.9886013000935764e-08,5.1691104729911785e-09,-4.135288433904094e-08,5.169219052802987e-09,-3.6184532259397884e-08,-1.0340771794403736e-08
EMERGENCYSTATE_MODE_Yes,-1.5510794293405185e-08,5.756517856939435e-08,0.0,-3.101466328203628e-08,8.787672112209322e-08,-6.20306265242121e-08,-7.238540278287076e-08
EMERGENCYSTATE_MODE_No,-1.7574612476423113e-08,4.6533773630295204e-08,-1.5507331752040443e-08,-1.0338221112515811e-07,3.618453203735328e-08,-1.0338437661516764e-08,5.170386119246473e-09
EMERGENCYSTATE_MODE_Unknown,-2.3780687730123874e-08,8.313346325864261e-08,5.1691104729911785e-09,-1.292277638231809e-07,1.1889203443971041e-07,-5.169218875167303e-08,-6.204463098846702e-08
ORGANIZATION_TYPE_Business Entity Type 1,-2.686868976198298e-08,8.904435745478634e-07,8.218885778621399e-07,-1.0855132148712698e-07,5.375987633948753e-07,-1.7006730106405854e-06,3.153935420607823e-07
NAME_TYPE_SUITE_Other_B,-2.688504170400563e-08,9.815996892480491e-08,-1.4990420604821253e-07,3.101466328203628e-08,-5.1692187197360795e-09,1.1372281516486282e-07,-1.2408926219897864e-07
NAME_FAMILY_STATUS_Married,-2.6885876791560293e-08,6.138278882964603e-08,-5.6860216091081384e-08,2.5845552809045103e-08,1.5507656825342053e-08,1.5507656603297448e-08,-1.3443003410440468e-07
NAME_HOUSING_TYPE_With parents,-2.791770659094084e-08,4.596136433894175e-08,-5.6860216091081384e-08,4.652199492305442e-08,-5.169218830758382e-09,-3.6184532259397884e-08,-8.789656069652096e-08
ORGANIZATION_TYPE_Housing,-2.8926368522697032e-08,5.363111276533944e-07,1.0338221168026962e-08,4.135288433904094e-08,3.670145404255365e-07,-1.0390129944193305e-06,4.756755058732409e-07
WEEKDAY_APPR_PROCESS_START_SUNDAY,-3.101858101484112e-08,5.866716893115886e-08,-6.719843737013065e-08,6.719843714808604e-08,5.1692189417806844e-09,-8.787672090004861e-08,-7.238540289389306e-08
NAME_TYPE_SUITE_Other_A,-3.2037188057998375e-08,1.9621400030675554e-07,-6.719843714808604e-08,5.16911055070679e-08,-3.4116844571663307e-07,-6.719984557701508e-08,2.636896826446744e-07
NAME_FAMILY_STATUS_Separated,-3.204727989647438e-08,3.928786817679114e-08,-3.101466328203628e-08,-8.270576878910418e-08,-1.5507656492275146e-08,-6.20306267462567e-08,3.102231582730042e-08
CNT_CHILDREN,-3.2049640541487176e-08,4.983845501422012e-08,4.135288445006324e-08,-9.304398984610884e-08,-1.0338437661516764e-08,-8.270750195826793e-08,-1.5511157691605604e-08
HOUSETYPE_MODE_block of flats,-3.411628124450061e-08,4.295024580046915e-08,-1.1888954276617625e-07,-1.5507331529995838e-08,-1.5507656603297448e-08,-2.067687543405583e-08,1.1102230246251565e-16
FONDKAPREMONT_MODE_Unknown,-3.411694304844559e-08,3.4997900255183884e-08,-4.652199492305442e-08,-4.135288433904094e-08,1.550765671431975e-08,-8.787672101107091e-08,-1.0340771683381433e-08
NAME_INCOME_TYPE_Maternity leave,-3.514572377572023e-08,1.3074971042748446e-07,-2.377790855323525e-07,0.0,1.0338437761436836e-07,-1.2923047199020488e-07,8.789656102958787e-08
ORGANIZATION_TYPE_Business Entity Type 2,-3.620888604505268e-08,6.612030608242697e-07,8.167194673891487e-07,5.944477136088366e-07,-2.0159953606491143e-07,-9.821515866148545e-07,-4.084604885434828e-07
WALLSMATERIAL_MODE_Unknown,-3.825339163210373e-08,7.699144655224683e-08,3.101466328203628e-08,2.58455526980228e-08,-4.6522969809892345e-08,-1.809226607418779e-07,-2.0681543588807472e-08
NAME_HOUSING_TYPE_Co-op apartment,-3.9289925934937744e-08,2.26422883839493e-07,5.16911055070679e-08,2.0159531155528043e-07,7.236906429675116e-08,-4.600604800453212e-07,-6.204463098846702e-08
OCCUPATION_TYPE_Core staff,-4.029877429534423e-08,2.583360385232613e-07,-1.033822109031135e-07,-3.721759598285246e-07,-4.6522969809892345e-08,-1.0338437761436836e-07,4.2397164667917764e-07
FONDKAPREMONT_MODE_reg oper spec account,-4.342454966721476e-08,4.1175036641046176e-08,-1.033822105700466e-08,-8.270576878910418e-08,2.0676875656100435e-08,-6.719984546599278e-08,-7.755578868007262e-08
FONDKAPREMONT_MODE_not specified,-4.342813753055452e-08,5.972596558940092e-08,-2.0676442336053924e-08,-5.16911053960456e-08,0.0,1.0338437772539066e-08,-1.5511157769321215e-07
FONDKAPREMONT_MODE_org spec account,-4.446524910495242e-08,9.878224441558458e-08,-2.5845552920067405e-08,-4.6521995034076724e-08,1.550765671431975e-08,6.20306265242121e-08,-2.2749698080914982e-07
WEEKDAY_APPR_PROCESS_START_FRIDAY,-4.755810081302769e-08,1.3238402754251554e-08,-4.652199492305442e-08,-3.618377375502746e-08,-7.236906418572886e-08,-4.652296992091465e-08,-3.6192701280413075e-08
"WALLSMATERIAL_MODE_Stone, brick",-4.859331854678573e-08,6.208250510406163e-08,-1.4990420604821253e-07,5.169110584013481e-09,2.5846094486858817e-08,-5.169218886269533e-08,-7.238540289389306e-08
OCCUPATION_TYPE_Cooking staff,-4.961965678340619e-08,1.2575742916312783e-07,-2.429481960053437e-07,-7.75366580940684e-08,9.821515867258768e-08,-1.0338437761436836e-07,7.755578912416183e-08
NAME_INCOME_TYPE_Student,-5.5857757619293126e-08,1.2765089960623569e-06,1.3491378544339128e-06,-1.6075933820802746e-06,1.5714425386503805e-06,-8.994440845455642e-07,-6.928317145549201e-07
"NAME_TYPE_SUITE_Spouse, partner",-6.10004424972388e-08,3.4818220440497464e-08,-9.304398995713115e-08,-3.618377386604976e-08,-5.169218830758382e-09,-7.753828323853185e-08,-9.306694659372283e-08
WALLSMATERIAL_MODE_Mixed,-6.20431439779523e-08,1.2528317736453442e-07,-7.7536658316113e-08,5.6860216202103686e-08,6.719984546599278e-08,-7.753828323853185e-08,-2.792008400032131e-07
WALLSMATERIAL_MODE_Wooden,-6.409997448386661e-08,1.5660540864267674e-07,8.270576878910418e-08,-2.067644222503162e-08,1.550765671431975e-08,-3.670145403145142e-07,-3.102231538321121e-08
NAME_TYPE_SUITE_Unaccompanied,-6.51409672869363e-08,8.710092766892986e-08,-1.033822105700466e-08,5.1691105618090205e-08,-4.135375086811166e-08,-1.3439969082096326e-07,-1.9130427930669214e-07
OCCUPATION_TYPE_Medicine staff,-6.719062208837557e-08,2.362161929530476e-07,-8.270576890012649e-08,1.6541153780025297e-07,-2.0676875500669212e-07,-4.238759477859233e-07,2.1198582345061112e-07
NAME_EDUCATION_TYPE_Incomplete higher,-6.720433534113113e-08,8.264415219811324e-08,-1.602424272162395e-07,6.202932667509486e-08,-5.169218830758382e-09,-1.240612529374019e-07,-1.0857810439635074e-07
HOUSETYPE_MODE_Unknown,-7.1331875028946e-08,1.2876949483138237e-07,-3.10146633264452e-07,-9.821310043012232e-08,3.10153134286395e-08,-1.550765671431975e-08,3.619270183552459e-08
ORGANIZATION_TYPE_Government,-7.237359753720085e-08,7.590266826122863e-08,-1.4473509557522135e-07,5.6860216202103686e-08,-3.1015313206594897e-08,-1.3439969070994096e-07,-1.0857810439635074e-07
NAME_EDUCATION_TYPE_Higher education,-7.44377042005695e-08,9.940763199543658e-08,-2.687937487033665e-07,-5.169110584013481e-09,-5.1692188529628424e-08,0.0,-4.6533473185839114e-08
ORGANIZATION_TYPE_School,-8.064837584420558e-08,2.5128093665039617e-07,-4.497126181446376e-07,3.20484854432479e-07,-3.618453203735328e-08,-3.6184532259397884e-08,-2.0164505121211818e-07
OCCUPATION_TYPE_High skill tech staff,-8.268253597343289e-08,3.261702972803237e-07,-2.843010803443846e-07,-1.0338221112515811e-07,-4.4455282321997913e-07,-9.821515856156537e-08,5.170385933839228e-07
OCCUPATION_TYPE_Security staff,-8.478591178029404e-08,1.9552784220461183e-07,-2.7396285939840226e-07,1.0338221112515811e-07,-1.9643031734517535e-07,1.9643031734517535e-07,-2.5334891062822607e-07
NAME_HOUSING_TYPE_Office apartment,-8.683552037425102e-08,2.4350253633184423e-07,-4.3937439708763293e-07,2.067644222503162e-08,1.7058422308036114e-07,-3.101531326210605e-07,1.2408926253204555e-07
OCCUPATION_TYPE_Sales staff,-8.787967755718996e-08,1.493882755372959e-07,-1.1888954276617625e-07,-2.894701909283981e-07,1.7575344202214183e-07,-1.0338437761436836e-07,-1.0340771849914887e-07
HOUSETYPE_MODE_terraced house,-9.200927746366716e-08,1.5297145206060383e-07,-3.928524020535562e-07,-5.6860216091081384e-08,5.169219052802987e-09,-3.618453214837558e-08,2.068154392187438e-08
NAME_TYPE_SUITE_Family,-9.61507171659548e-08,1.1271179075122814e-07,-5.6860216091081384e-08,5.16911055070679e-08,-1.0855359633410444e-07,-2.9464547601776303e-07,-7.238540289389306e-08
NAME_FAMILY_STATUS_Unknown,-1.013155850770886e-07,1.86507446147661e-07,1.292277638231809e-07,-3.928524020535562e-07,-1.0338437661516764e-08,-2.3261484949355093e-07,0.0
OCCUPATION_TYPE_Cleaning staff,-1.0753818020514672e-07,1.722321919345129e-07,1.1888954276617625e-07,-1.0338221168026962e-08,-1.6024578519679977e-07,-8.787672078902631e-08,-3.981197166380568e-07
OCCUPATION_TYPE_Managers,-1.1475387200476916e-07,2.156324924456467e-07,-4.5488172872865107e-07,1.2405865323916743e-07,2.220446049250313e-16,-2.739686004726849e-07,3.1022315716278115e-08
WALLSMATERIAL_MODE_Others,-1.1681476532743318e-07,3.715140788820161e-07,-4.5488172861762877e-07,-6.616461507569227e-07,2.8947625718700465e-07,1.3439969070994096e-07,1.0857810484043995e-07
OCCUPATION_TYPE_Laborers,-1.1682650655764348e-07,2.3494472712375565e-07,-5.220801658767371e-07,-2.067644211400932e-08,2.0159953617593374e-07,-1.4473812859350232e-07,-9.82373323799024e-08
OCCUPATION_TYPE_Unknown,-1.5197700273805736e-07,1.2947807601052216e-07,3.6183773977072065e-08,-3.463304070194795e-07,-2.1710719266820888e-07,-1.6024578519679977e-07,-7.238540278287076e-08
ORGANIZATION_TYPE_Police,-1.5707152880573006e-07,2.261838203725607e-06,-4.57983195023548e-06,3.153157437374432e-07,1.6748269163757712e-06,5.892909519245038e-07,1.2150406941691116e-06
FLAG_DOCUMENT_12,-1.9955991801268169e-07,3.63919716307415e-07,-3.618377386604976e-08,-5.1691104729911785e-09,2.8947625729802695e-07,-6.203062653531433e-07,-6.256166976692512e-07
ORGANIZATION_TYPE_Industry: type 7,-2.036706590047288e-07,3.087621028579261e-07,-9.304398984610884e-08,-4.238670651135479e-07,2.6363016292219044e-07,-6.409831407871991e-07,-1.2408926219897864e-07
ORGANIZATION_TYPE_Military,-2.0785023300273763e-07,3.490228139062622e-06,4.85379480952286e-06,-3.902678467726517e-06,-3.742514466997804e-06,2.719009129292793e-06,-9.668621691050205e-07
NAME_INCOME_TYPE_Pensioner,-2.3986694146493904e-07,5.109954754368324e-07,-9.511163417963431e-07,6.202932664178817e-07,-3.980298535211091e-07,-1.0338437739232376e-07,-3.67097401032801e-07
NAME_TYPE_SUITE_Children,-2.471059150188637e-07,2.576522405794767e-07,-1.7574975874623533e-07,-5.16911055070679e-08,5.6861407804476016e-08,-6.616600162212549e-07,-4.0329010242423635e-07
ORGANIZATION_TYPE_Medicine,-2.729378580479391e-07,4.3980654638277285e-07,-1.1372043218216277e-07,-9.304398995713115e-08,7.236906440777346e-08,-1.1423973719226765e-06,-8.789656058549866e-08
OCCUPATION_TYPE_IT staff,-3.040121940856011e-07,1.0542828905716259e-06,-1.5610713870461979e-06,5.117419447087102e-07,1.0700283077369477e-06,-6.719984535497048e-08,-1.473559990472495e-06
ORGANIZATION_TYPE_Kindergarten,-3.122312325354315e-07,4.2776728131959004e-07,-2.067644221392939e-07,-1.0958514372605421e-06,1.7058422308036114e-07,-7.753828323853185e-08,-3.5158624311915077e-07
ORGANIZATION_TYPE_Industry: type 4,-3.2669285283670745e-07,4.4905564880129006e-07,-1.1785572061606686e-06,-2.58455526980228e-08,2.5846094486858817e-08,-3.8252219691781164e-07,-7.238540289389306e-08
NAME_INCOME_TYPE_Businessman,-3.4221698059777593e-07,9.719783351878546e-07,-9.821310043012232e-08,4.2903617591960597e-07,4.497220422727821e-07,-2.196918022834282e-06,-2.947119979168633e-07
OCCUPATION_TYPE_HR staff,-3.566886392913915e-07,4.050459737395308e-07,-9.821310050783794e-07,-5.375874975177553e-07,1.6541500424960276e-07,-1.0338437772539066e-08,-4.1880126033788656e-07
ORGANIZATION_TYPE_Agriculture,-3.5674925662476654e-07,6.769420359653296e-07,-8.270576901114879e-08,2.1710264319629857e-07,1.9126109862543927e-07,-5.014142311354775e-07,-1.6079900247989443e-06
ORGANIZATION_TYPE_Legal Services,-3.741835651327463e-07,9.608699883416335e-06,-1.626202180038394e-05,-4.910655024836785e-07,1.4029260032799584e-05,9.046133035983672e-07,-5.1703859194063284e-08
OCCUPATION_TYPE_Waiters/barmen staff,-3.9289094169170367e-07,4.564594255873729e-07,-2.5328641706234833e-07,7.75366582050907e-08,-1.1268897152083568e-06,2.5846094375836515e-08,-6.876613287687405e-07
ORGANIZATION_TYPE_Postal,-4.5901681524629365e-07,2.9706911714474473e-06,1.3749834071319356e-06,1.1268661006536007e-06,1.1217204963775984e-06,-6.368477656670812e-06,4.498235762762093e-07
OCCUPATION_TYPE_Secretaries,-4.910812950509325e-07,5.13231277365418e-07,-8.425650201981938e-07,-7.236754773209952e-08,-1.3284892513842905e-06,-5.1692189417806844e-09,-2.0681543699829774e-07
LIVINGAPARTMENTS_MODE,-5.816946991865635e-07,5.886225783699516e-06,1.3077849699838495e-06,6.668152613409362e-07,-3.2255925793700513e-06,-9.800838991047556e-06,8.143357843160004e-06
ORGANIZATION_TYPE_Electricity,-5.913917574318362e-07,1.4759182053192586e-06,2.946393015124116e-07,-3.308230754006658e-06,6.047986087498458e-07,4.6522969898710187e-07,-1.013395642401882e-06
OCCUPATION_TYPE_Private service staff,-6.150999769527488e-07,1.0838516873814667e-06,-2.067644220282716e-07,-1.5093802814281077e-06,2.0676875522873672e-07,-2.227933336040877e-06,6.618093995047758e-07
ORGANIZATION_TYPE_Trade: type 7,-6.440983042699244e-07,1.0337366149074645e-06,-7.133372563750129e-07,1.0700058845625193e-06,-1.9849800486637648e-06,-1.3233200325535321e-06,-2.6886006831983167e-07
OCCUPATION_TYPE_Realty agents,-6.596826754856622e-07,7.252798011063014e-07,-7.7536658316113e-08,2.5845552809045103e-08,-5.686140763794256e-07,-6.71998453993794e-07,-2.0061097415480234e-06
ORGANIZATION_TYPE_Industry: type 11,-6.607653286971882e-07,1.23306110306344e-06,-2.2227175378031205e-07,2.3260997494833902e-07,1.6541500413858046e-07,-3.980298535211091e-07,-3.0815500152714392e-06
NAME_TYPE_SUITE_Group of people,-7.837847860292513e-07,1.2265502093445922e-06,2.067644221392939e-07,3.5666862818750644e-07,-1.2406125282637959e-07,-1.50424269329541e-06,-2.854053034351267e-06
ORGANIZATION_TYPE_Security,-8.250201589232731e-07,7.740392719999979e-07,3.0497752268043854e-07,-1.42150540205499e-06,-7.185214238036863e-07,-1.9022725468165191e-06,-3.8777894462160845e-07
ORGANIZATION_TYPE_University,-8.250451792868319e-07,7.492252643417957e-07,-1.4835347287300849e-06,1.550733167432483e-07,-8.787672078902631e-08,-1.7471959804504777e-06,-9.616917832078187e-07
ORGANIZATION_TYPE_Industry: type 12,-8.616765237112744e-07,9.594022013471588e-06,-3.4581349600548705e-06,1.8505415781966406e-06,2.538086468883982e-06,-1.725485261194759e-05,1.2015976906365466e-05
ORGANIZATION_TYPE_Transport: type 2,-8.725499526684998e-07,1.1240602390284358e-06,-2.677599266642794e-06,2.377790854213302e-07,-1.6644884783811875e-06,-3.4633766476943606e-07,8.789656102958787e-08
ORGANIZATION_TYPE_Hotel,-8.994510924287269e-07,1.6515859032076605e-06,0.0,-4.119781110811793e-06,5.324295444530946e-07,-3.721837591452726e-07,-5.377201366396633e-07
ORGANIZATION_TYPE_Services,-9.335690502654259e-07,1.131255984918478e-06,-5.169110584013481e-09,-6.202932656407256e-08,-2.9051010088654294e-06,-1.5094119120151461e-06,-1.8613389329846797e-07
ORGANIZATION_TYPE_Telecom,-1.0162290646098526e-06,2.775429594297649e-06,2.2589013116691703e-06,-5.024375457685082e-06,-3.5460841496526285e-06,6.151370465223849e-07,6.152759260968921e-07
ORGANIZATION_TYPE_Culture,-1.0162633902632833e-06,9.61189369330945e-07,-3.721759598285246e-07,-9.976383368304198e-07,-8.942748656037836e-07,-2.8017166314731057e-06,-1.55111575805833e-08
ORGANIZATION_TYPE_Insurance,-1.1217039702859922e-06,2.8939089699395753e-06,-1.5507331752040443e-08,3.0497752256941624e-07,-6.895737981960082e-06,6.047986086388235e-07,3.929493310739218e-07
ORGANIZATION_TYPE_Industry: type 5,-1.121714922680539e-06,4.4371719882943246e-06,-9.407781206838273e-06,2.8430108043320246e-06,2.574271000810313e-06,-1.1320589341501375e-06,-4.860162775566224e-07
ORGANIZATION_TYPE_Emergency,-1.3513611066384712e-06,1.3326755848688018e-06,-1.1527116533516235e-06,-2.5587097237655954e-06,2.998146949595437e-07,-1.809226607418779e-07,-3.164276190292803e-06
COMMONAREA_AVG,-1.7688894493383955e-06,1.4321039185489848e-06,-3.5098260656729607e-06,-2.388129075492351e-06,-2.801716631251061e-06,2.067687543405583e-08,-1.654523497096605e-07
ORGANIZATION_TYPE_Industry: type 1,-1.7951458500364837e-06,4.848866607837802e-06,4.952007909952982e-06,6.151241559448906e-07,1.0338437772539066e-07,-6.456354377570861e-06,-8.18989131623482e-06
NONLIVINGAPARTMENTS_AVG,-2.044907923814954e-06,2.4467007154228477e-06,-6.735351050779492e-06,-5.169110551817013e-07,-2.0211645808121403e-06,-1.054520651022628e-06,1.0340771872119348e-07
FLOORSMAX_MODE,-2.0523056109889025e-06,4.881035098095586e-06,-9.92986137271501e-06,5.174279663844317e-06,-1.9126109829237237e-07,-2.0883644263891554e-06,-3.2263208213922923e-06
ORGANIZATION_TYPE_Industry: type 6,-2.2104169725256638e-06,2.756405146102898e-06,-5.6860216091081384e-08,-1.5197185024851123e-06,-4.187067289551649e-07,-7.603920968324296e-06,-1.4528784467726652e-06
OCCUPATION_TYPE_Low-skill Laborers,-2.2383809468617956e-06,3.125748366180724e-06,-5.530948291920801e-06,3.56668628165302e-06,-4.280113230170635e-06,-2.346825370258543e-06,-2.6007041236120187e-06
NONLIVINGAREA_MODE,-2.2476296180240498e-06,1.3782943517875201e-05,-2.511670817806344e-05,-4.7814272617907605e-06,6.3064470301466e-06,1.6308885557481112e-05,-3.955345237893759e-06
ENTRANCES_MEDI,-2.2617964779758636e-06,1.3739867158946051e-05,1.231282133773437e-05,6.569939513201284e-06,-1.606076305127324e-05,-2.150395052891163e-05,7.3729703393699e-06
DEF_60_CNT_SOCIAL_CIRCLE,-2.5510179541887722e-06,3.27302056588127e-05,-2.2051425620062126e-05,2.5747339665538327e-05,2.9087194622023915e-05,1.1558373409381595e-05,-5.709657184782557e-05
ORGANIZATION_TYPE_Trade: type 6,-2.6318078853337925e-06,6.243052571530411e-06,2.817165251411957e-06,-1.2612629748387505e-06,-3.928606344683061e-07,4.962450123047191e-07,-1.4818326081078581e-05
FLAG_CONT_MOBILE,-2.8606113805285104e-06,3.940198601157653e-06,-4.6521995034076724e-08,-2.077982442227899e-06,-2.3261484946024424e-06,-1.041597603756994e-05,5.635720667918065e-07
ORGANIZATION_TYPE_Advertising,-3.116014355941665e-06,8.232823045423853e-06,2.5328641706234833e-07,3.2823852014196575e-06,-1.9405247664749936e-05,1.6541500402755815e-07,1.2408926253204555e-07
APARTMENTS_MODE,-3.4707205184725256e-06,1.3851666482633031e-05,4.383405749153191e-06,7.660621839988835e-06,-3.05655912204994e-05,2.4191944344442717e-06,-1.2512333954495247e-06
ORGANIZATION_TYPE_Religion,-3.7797398428240926e-06,4.244883998595998e-06,-3.2875543117816264e-06,1.7833431410485545e-06,-7.758997534468293e-06,-9.340778511002235e-06,-2.947119979168633e-07
FLOORSMIN_MODE,-3.7916498081047577e-06,2.114677469439672e-05,-4.531759222003995e-05,9.69208228729368e-06,1.0126499780493958e-05,-9.873208054456128e-07,7.528081917174134e-06
ORGANIZATION_TYPE_Trade: type 1,-4.223234695488465e-06,3.743839638267269e-06,-1.056566197077391e-05,-5.717036271835063e-06,-5.169218830758382e-09,-3.6959914970768892e-06,-1.1323145189257033e-06
ORGANIZATION_TYPE_Cleaning,-4.5116812654510955e-06,4.129834293085993e-06,-1.0395081322611688e-05,-2.2227175376920982e-06,-5.117526686859719e-07,-8.544718804071039e-06,-8.841359941946791e-07
ENTRANCES_AVG,-4.559605920806398e-06,3.1396106430523834e-05,2.5509560580116997e-05,1.3367319890766893e-05,-5.7900420643020034e-05,-2.2424071489113295e-05,1.864958205721745e-05
ORGANIZATION_TYPE_Industry: type 2,-4.814472325187502e-06,8.736898518813978e-06,2.951562125930174e-06,-8.120672678968432e-06,-1.1113820583830147e-06,-2.0371891594872515e-05,2.580022580356278e-06
FLOORSMIN_AVG,-4.8503780476938376e-06,1.901214293359385e-05,-7.583085181672722e-06,4.502295291808345e-06,1.0565883385105224e-05,-4.068692178227362e-05,8.949938048563588e-06
ORGANIZATION_TYPE_Transport: type 3,-5.677708560258843e-06,2.4196788229381014e-05,3.1035339761564806e-05,-1.9125709046829975e-05,-5.438018258696609e-06,6.259924060225686e-06,-4.112007931755812e-05
ORGANIZATION_TYPE_Industry: type 10,-5.685073416850095e-06,6.657576113865965e-06,-1.8453724675016048e-05,-5.412058749265647e-06,-3.339315394534914e-06,2.5329172503862907e-07,-1.473559990472495e-06
LIVE_CITY_NOT_WORK_CITY,-5.865978029695462e-06,3.668899291816975e-05,-1.1630498745196505e-06,3.5253333972917744e-05,7.040476110775629e-06,-7.476758183933008e-05,4.306931481679044e-06
YEARS_BUILD_MEDI,-5.975494933885272e-06,9.062332413057572e-06,2.3364379700963056e-06,-1.0343390216882575e-05,-4.812542774512707e-06,3.8820833766495255e-06,-2.094006302477691e-05
YEARS_BEGINEXPLUATATION_AVG,-5.975537371294415e-06,9.546093295464996e-06,2.171026432407075e-06,-2.351428390656718e-05,-8.735979902363411e-06,4.187067289551649e-07,-2.1715620890372378e-07
COMMONAREA_MEDI,-6.4566990256142985e-06,6.9487921281837796e-06,-1.2612629749497728e-06,-2.6052317186886498e-06,-1.0183361186522077e-06,-1.940524766486096e-05,-7.993416650919904e-06
LIVINGAREA_MEDI,-6.6657092198996185e-06,8.675736648537807e-06,-1.9647789212706712e-05,5.0553901210781405e-06,-1.4163659721733168e-06,-4.481712766568613e-06,-1.283806826912759e-05
FLOORSMIN_MEDI,-7.016783470281673e-06,3.1632368475493754e-05,-4.8372536556873236e-05,1.4354620006207242e-05,2.375772995966141e-05,-4.266673261221765e-05,1.7843001851813867e-05
ORGANIZATION_TYPE_Industry: type 13,-7.024552490775271e-06,1.4401536739453342e-05,5.427566080795643e-06,-3.1035339761453784e-05,5.680971546073721e-06,8.684287714499916e-07,-1.6064389090741926e-05
LIVINGAREA_AVG,-7.115708471805426e-06,1.2694084187814618e-05,-3.223457340972846e-05,-8.270576885571757e-07,-3.6029455573460822e-06,-1.1217204964886207e-06,2.2077547930932084e-06
LANDAREA_MODE,-7.143710396761982e-06,7.78139381518199e-06,-1.2054365810088008e-05,-6.993806578647899e-06,7.650443939466456e-07,-1.8991710154736552e-05,1.5562861657159033e-06
LANDAREA_AVG,-7.623723168448393e-06,1.0899803430328567e-05,-2.326099749039301e-06,1.4990420604821253e-07,-2.9268117282321704e-05,-2.9464547599555857e-06,-3.727848256973587e-06
TOTALAREA_MODE,-7.729210547169351e-06,9.348383641990686e-06,-1.5316074569282634e-05,-1.8308989579329804e-05,8.544718804071039e-06,-6.135862807066239e-06,-7.42984458423912e-06
ORGANIZATION_TYPE_XNA,-8.155959455713457e-06,7.167378228381628e-06,-1.3419010996051917e-05,-1.944102479067844e-05,-5.086511374985392e-06,-5.375987631728307e-07,-2.295651353678707e-06
APARTMENTS_MEDI,-8.327756717241286e-06,6.0502205535562555e-06,-6.497571965469184e-06,-1.7626666986014783e-06,-1.897103327908045e-05,-1.0426314475453502e-05,-3.981197167601813e-06
LIVINGAPARTMENTS_AVG,-8.594868297584491e-06,1.2894715170087971e-05,-2.8543828474836275e-05,3.0497752268043854e-07,-1.6029747738066646e-05,-7.3557984622274475e-06,8.650055664527478e-06
ELEVATORS_MEDI,-8.638095937851809e-06,2.416496707497412e-05,-4.425275544595042e-05,1.1542623865268276e-05,8.239734890280737e-06,-3.124792811248778e-05,1.2527845113630143e-05
NONLIVINGAREA_MEDI,-8.767439861712133e-06,2.164207393052466e-05,-4.522971734144399e-06,-6.854240593434646e-06,5.401833726770278e-06,-4.985711607030652e-05,1.1995295362554614e-05
LIVINGAPARTMENTS_MEDI,-8.920750373286879e-06,1.2373226360663346e-05,-2.8471460927104175e-05,-2.3260997489282786e-06,-1.827835794954158e-05,9.614747110697763e-07,3.5106920480698633e-06
YEARS_BUILD_MODE,-9.789899972911797e-06,2.295835884752378e-05,-8.477341307822073e-07,-4.445435075606241e-07,3.4892227421812194e-06,4.373159170123486e-06,-5.551960413852086e-05
ELEVATORS_MODE,-1.0206175061111544e-05,7.794554931250205e-06,-5.4223969703226516e-06,-7.98627580467226e-06,-6.518385003984051e-06,-5.422510602093311e-06,-2.5681306924485447e-05
FLAG_DOCUMENT_7,-1.0480904571097405e-05,1.0566486624264818e-05,-9.449134091177314e-06,-1.251441664928965e-05,-3.92860634657044e-06,-2.8983810244298525e-05,2.471444475848905e-06
ORGANIZATION_TYPE_Trade: type 5,-1.077255102626129e-05,2.8850380700977534e-05,4.559155507899426e-06,4.006060678851675e-06,2.9981469489293033e-06,-6.84611348092945e-05,3.0350165423076447e-06
YEARS_BUILD_AVG,-1.0891698595250077e-05,3.0214440199586647e-05,3.633884718801106e-06,8.141349121415509e-06,-8.684287711169247e-07,5.6654638894704235e-06,-7.10307619348205e-05
REG_CITY_NOT_WORK_CITY,-1.3028750267918276e-05,4.513201094120293e-05,-1.1537454754795284e-05,2.4925451087676187e-05,2.415575981318252e-05,-9.837023523251442e-05,-4.317272253140381e-06
LANDAREA_MEDI,-1.3030505891564736e-05,1.125750957716709e-05,-1.0787933724554222e-05,-2.33126885940127e-06,-2.6254462677011148e-05,-2.5913294231294515e-05,1.344300344374716e-07
LIVINGAREA_MODE,-1.3315741686414917e-05,1.538846946058892e-05,-1.1325521222183e-05,6.202932664178817e-07,-5.49487966627904e-06,-7.2627525224966405e-06,-4.311584828753379e-05
FLOORSMAX_MEDI,-1.3438960812695023e-05,2.2278500214033005e-05,-6.823225930929766e-07,2.687937488143888e-07,-5.752306766493298e-05,-8.65327240029412e-06,-6.049351539694214e-07
SK_ID_CURR,-1.3461614395637866e-05,1.9245621584645083e-05,-1.687714595621781e-05,1.3594760756019397e-06,-1.6345070089518465e-05,1.0348776192103948e-05,-4.5794108200158945e-05
COMMONAREA_MODE,-1.3674572281741071e-05,2.323146426650552e-05,2.181364653575102e-06,-2.5287288826336685e-05,9.040963816264735e-06,-5.39201221075869e-05,-3.8777894462160845e-07
YEARS_BEGINEXPLUATATION_MODE,-1.4123300633861469e-05,1.5408720415229678e-05,-6.905931699052736e-06,-2.104344906206368e-05,-4.112113616772106e-05,1.809226606308556e-07,-1.726908901100721e-06
AMT_REQ_CREDIT_BUREAU_HOUR,-1.5119000270558124e-05,2.308110357928392e-05,-1.0064258247122204e-05,5.913462472917352e-06,8.048473791988364e-06,-5.4679997282702786e-05,-2.481268208787135e-05
FLAG_DOCUMENT_19,-1.519989266265398e-05,2.6568409550380358e-05,5.039882789437122e-06,8.565216186862123e-06,-6.472895877973617e-05,-1.901755624911239e-05,-5.858047260720589e-06
FLOORSMAX_AVG,-1.7203190460901575e-05,3.161971065104878e-05,-1.2302483116677365e-06,-3.463304070194795e-07,-8.04123688531444e-05,-3.2152541415975122e-06,-8.117505910787415e-07
ELEVATORS_AVG,-2.1296627523192945e-05,4.126521733135371e-05,-9.997059809907505e-05,1.818493092620166e-05,-1.599873242474903e-05,-1.3383107673070604e-05,4.684369654728293e-06
FLAG_DOCUMENT_21,-2.1766376618415072e-05,1.1319652491148734e-05,-2.8673056238770478e-05,-3.2198389635973435e-05,-1.5507656492275146e-08,-2.3163269788684104e-05,-2.4781659772155074e-05
FLAG_EMP_PHONE,-2.3272602013491016e-05,1.932081984243917e-05,-3.880451292304077e-05,-4.920993246659844e-05,-2.530849562254467e-05,-5.220911065695333e-07,-2.5179779487016773e-06
FLAG_DOCUMENT_11,-2.4652045174722304e-05,4.737024367845955e-05,-2.1141662163159936e-06,-4.5488172861762877e-07,-0.00011938310996806312,-1.7575344168907492e-07,-1.1323145189257033e-06
FLAG_DOCUMENT_20,-2.498061712119526e-05,5.919916942955195e-05,6.885255256938727e-06,2.444989291694455e-06,-0.00014012201610313912,2.460031263651352e-05,-1.8711626687983873e-05
APARTMENTS_AVG,-3.594913794193744e-05,4.496576942938818e-05,-2.460496623335473e-05,-1.1687358960732475e-05,-0.0001251312813594918,-7.815858942272769e-06,-1.0506224213835402e-05
